region,name
Afghanistan,Afghanistan
Albania,Albania
Algeria,Algeria
American Samoa,American Samoa
Andorra,Andorra
Angola,Angola
Anguilla,Anguilla
Antarctica,Antarctica
Antigua,Antigua and Barbuda
Barbuda,Antigua and Barbuda
Argentina,Argentina
Armenia,Armenia
Aruba,Aruba
Australia,Australia
Austria,Austria
Azerbaijan,Azerbaijan
Bahamas,Bahamas
Bahrain,Bahrain
Bangladesh,Bangladesh
Barbados,Barbados
Belarus,Belarus
Belgium,Belgium
Belize,Belize
Benin,Benin
Bermuda,Bermuda
Bhutan,Bhutan
Bolivia,"Bolivia, Plurinational States of"
Bonaire,"Bonaire, Sint Eustatius and Saba"
Saba,"Bonaire, Sint Eustatius and Saba"
Sint Eustatius,"Bonaire, Sint Eustatius and Saba"
Bosnia and Herzegovina,Bosnia and Herzegovina
Botswana,Botswana
Brazil,Brazil
Chagos Archipelago,British Indian Ocean Territory
Brunei,Brunei Darussalam
Bulgaria,Bulgaria
Burkina Faso,Burkina Faso
Burundi,Burundi
Cape Verde,Cabo Verde
Ivory Coast,Côte d'Ivoire
Cambodia,Cambodia
Cameroon,Cameroon
Canada,Canada
Cayman Islands,Cayman Islands
Central African Republic,Central African Republic
Chad,Chad
Chile,Chile
China,China
Christmas Island,Christmas Island
Cocos Islands,Cocos (Keeling) Islands
Colombia,Colombia
Comoros,Comoros
Republic of Congo,Congo
Democratic Republic of the Congo,"Congo, The Democratic Republic of the"
Cook Islands,Cook Islands
Costa Rica,Costa Rica
Croatia,Croatia
Cuba,Cuba
Curacao,Curaçao
Cyprus,Cyprus
Czech Republic,Czechia
Denmark,Denmark
Djibouti,Djibouti
Dominica,Dominica
Dominican Republic,Dominican Republic
Ecuador,Ecuador
Egypt,Egypt
El Salvador,El Salvador
Equatorial Guinea,Equatorial Guinea
Eritrea,Eritrea
Estonia,Estonia
Ethiopia,Ethiopia
Falkland Islands,Falkland Islands (Malvinas)
Faroe Islands,Faroe Islands
Fiji,Fiji
Finland,Finland
France,France
French Guiana,French Guiana
French Polynesia,French Polynesia
French Southern and Antarctic Lands,French Southern Territories
Gabon,Gabon
Gambia,Gambia
Georgia,Georgia
Germany,Germany
Ghana,Ghana
Greece,Greece
Greenland,Greenland
Grenada,Grenada
Guadeloupe,Guadeloupe
Guam,Guam
Guatemala,Guatemala
Guernsey,Guernsey
Guinea,Guinea
Guinea-Bissau,Guinea-Bissau
Guyana,Guyana
Haiti,Haiti
Heard Island,Heard Island and McDonald Islands
Honduras,Honduras
Hungary,Hungary
Iceland,Iceland
India,India
Indonesia,Indonesia
Iran,"Iran, Islamic Republic of"
Iraq,Iraq
Ireland,Ireland
Isle of Man,Isle of Man
Israel,Israel
Italy,Italy
Jamaica,Jamaica
Japan,Japan
Jersey,Jersey
Jordan,Jordan
Kazakhstan,Kazakhstan
Kenya,Kenya
Kiribati,Kiribati
Kuwait,Kuwait
Kyrgyzstan,Kyrgyzstan
Laos,Lao People's Democratic Republic
Latvia,Latvia
Lebanon,Lebanon
Lesotho,Lesotho
Liberia,Liberia
Libya,Libya
Liechtenstein,Liechtenstein
Lithuania,Lithuania
Luxembourg,Luxembourg
Madagascar,Madagascar
Malawi,Malawi
Malaysia,Malaysia
Maldives,Maldives
Mali,Mali
Malta,Malta
Marshall Islands,Marshall Islands
Martinique,Martinique
Mauritania,Mauritania
Mauritius,Mauritius
Mayotte,Mayotte
Mexico,Mexico
Micronesia,"Micronesia, Federated States of "
Moldova,Moldova
Monaco,Monaco
Mongolia,Mongolia
Montenegro,Montenegro
Montserrat,Montserrat
Morocco,Morocco
Mozambique,Mozambique
Myanmar,Myanmar
Kosovo,NA
Macedonia,North Macedonia
North Korea,"Korea, Democratic People's Republic of"
Siachen Glacier,NA
South Korea,"Korea, Republic of"
Swaziland,Eswatini
Vatican,Holy See (Vatican City State)
Virgin Islands,"Virgin Islands, British"
Namibia,Namibia
Nauru,Nauru
Nepal,Nepal
Netherlands,Netherlands
New Caledonia,New Caledonia
New Zealand,New Zealand
Nicaragua,Nicaragua
Niger,Niger
Nigeria,Nigeria
Niue,Niue
Norfolk Island,Norfolk Island
Northern Mariana Islands,Northern Mariana Islands
Norway,Norway
Oman,Oman
Pakistan,Pakistan
Palau,Palau
Palestine,"Palestine, State of"
Panama,Panama
Papua New Guinea,Papua New Guinea
Paraguay,Paraguay
Peru,Peru
Philippines,Philippines
Pitcairn Islands,Pitcairn
Poland,Poland
Madeira Islands,Portugal
Azores,Portugal
Portugal,Portugal
Puerto Rico,Puerto Rico
Qatar,Qatar
Reunion,Réunion
Romania,Romania
Russia,Russian Federation
Rwanda,Rwanda
Saint Barthelemy,Saint Barthélemy
Ascension Island,"Saint Helena, Ascension and Tristan da Cunha"
Saint Helena,"Saint Helena, Ascension and Tristan da Cunha"
Nevis,Saint Kitts and Nevis
Saint Kitts,Saint Kitts and Nevis
Saint Lucia,Saint Lucia
Saint Martin,Saint Martin (French part)
Saint Pierre and Miquelon,Saint Pierre and Miquelon
Grenadines,Saint Vincent and the Grenadines
Saint Vincent,Saint Vincent and the Grenadines
Samoa,Samoa
San Marino,San Marino
Sao Tome and Principe,Sao Tome and Principe
Saudi Arabia,Saudi Arabia
Senegal,Senegal
Serbia,Serbia
Seychelles,Seychelles
Sierra Leone,Sierra Leone
Singapore,Singapore
Sint Maarten,Sint Maarten (Dutch part)
Slovakia,Slovakia
Slovenia,Slovenia
Solomon Islands,Solomon Islands
Somalia,Somalia
South Africa,South Africa
South Georgia,South Georgia and the South Sandwich Islands
South Sandwich Islands,South Georgia and the South Sandwich Islands
South Sudan,South Sudan
Canary Islands,Spain
Spain,Spain
Sri Lanka,Sri Lanka
Sudan,Sudan
Suriname,Suriname
Sweden,Sweden
Switzerland,Switzerland
Syria,Syrian Arab Republic
Taiwan,"Taiwan, Province of China"
Tajikistan,Tajikistan
Tanzania,"Tanzania, United Republic of"
Thailand,Thailand
Timor-Leste,Timor-Leste
Togo,Togo
Tonga,Tonga
Tobago,Trinidad and Tobago
Trinidad,Trinidad and Tobago
Tunisia,Tunisia
Turkey,Turkey
Turkmenistan,Turkmenistan
Turks and Caicos Islands,Turks and Caicos Islands
Uganda,Uganda
Ukraine,Ukraine
United Arab Emirates,United Arab Emirates
UK,United Kingdom
USA,United States
Uruguay,Uruguay
Uzbekistan,Uzbekistan
Vanuatu,Vanuatu
Venezuela,"Venezuela, Bolivarian Republic of"
Vietnam,Viet Nam
Wallis and Futuna,Wallis and Futuna
Western Sahara,Western Sahara
Yemen,Yemen
Zambia,Zambia
Zimbabwe,Zimbabwe
